Feature ID	Taxon	Confidence
006c240dda9234f8257b79d1df7b988c	d__Bacteria; p__Firmicutes; c__Clostridia; o__Lachnospirales; f__Lachnospiraceae; g__Lachnospiraceae_UCG-001; s__metagenome	0.8781510742886837
00c3c59e2bb028eeef1be0c19526d989	d__Bacteria; p__Bacteroidota; c__Bacteroidia; o__Bacteroidales; f__Tannerellaceae; g__Parabacteroides; s__Parabacteroides_distasonis	0.7085386746732597
012dcdff53409e7c934f24e9b9c52f28	d__Bacteria; p__Firmicutes; c__Clostridia; o__Lachnospirales; f__Lachnospiraceae; g__Fusicatenibacter; s__uncultured_organism	0.7392057514688132
0278a1004d9ab0faaa71b145e8c794a9	d__Bacteria; p__Firmicutes; c__Clostridia; o__Lachnospirales; f__Lachnospiraceae	0.9999998491881431
03784364dbfc1f179b36e637b2f6b86d	d__Bacteria; p__Bacteroidota; c__Bacteroidia; o__Bacteroidales; f__Bacteroidaceae; g__Bacteroides; s__Bacteroides_ovatus	0.8775423879679614
03a806fb7748511170813d88a5b51676	d__Bacteria; p__Firmicutes; c__Clostridia; o__Lachnospirales; f__Lachnospiraceae	0.9999999953383627
042d90d86b66fc5e160b345db78ad479	d__Bacteria; p__Proteobacteria; c__Gammaproteobacteria; o__Burkholderiales; f__Sutterellaceae; g__Sutterella; s__gut_metagenome	0.878511142501263
046b079be722d6f92993c83e8fa67756	d__Bacteria; p__Firmicutes; c__Clostridia; o__Oscillospirales; f__Ruminococcaceae; g__Subdoligranulum	0.9995220894614776
07549fe2e9c744e5ba1f7d9a67ee639e	d__Bacteria; p__Firmicutes; c__Clostridia; o__Oscillospirales; f__Ruminococcaceae	0.8283716410285098
0768221c6a268e5d68f040a978c2fb60	d__Bacteria; p__Firmicutes; c__Clostridia; o__Lachnospirales; f__Lachnospiraceae; g__Agathobacter; s__Eubacterium_ramulus	0.9849333638856744
07f88a65eed4f94b89b716bcff533a36	d__Bacteria; p__Firmicutes; c__Clostridia; o__Lachnospirales; f__Lachnospiraceae; g__Roseburia	0.985341565978826
0881804b168c0b7d1bf1b601b1513990	d__Bacteria; p__Firmicutes; c__Clostridia; o__Oscillospirales; f__Ruminococcaceae; g__CAG-352; s__uncultured_bacterium	0.8340276021178296
096440c43808084aa0ed6d537ed2dbaa	d__Bacteria; p__Bacteroidota; c__Bacteroidia; o__Bacteroidales; f__Prevotellaceae; g__Paraprevotella; s__Paraprevotella_xylaniphila	0.9999999839164248
097959836036c380f4e7dc259e6e51ae	d__Bacteria; p__Bacteroidota; c__Bacteroidia; o__Bacteroidales; f__Barnesiellaceae; g__Barnesiella	0.9999999985888248
09d1e3b4ed28612c45f4e919fe001666	d__Bacteria; p__Firmicutes; c__Clostridia; o__Lachnospirales; f__Lachnospiraceae; g__Agathobacter	0.9224097666363235
0cc2f79a3e3d31e1d291a8e083e611ab	d__Bacteria; p__Bacteroidota; c__Bacteroidia; o__Bacteroidales; f__Bacteroidaceae; g__Bacteroides	0.999999999300801
0e1ecedf64d4390cd454c96039e9767d	d__Bacteria; p__Firmicutes; c__Clostridia; o__Lachnospirales; f__Lachnospiraceae; g__Blautia; s__Blautia_sp.	0.9830201569136505
0ee66988e0a54b993406e928ad92274a	d__Bacteria; p__Bacteroidota; c__Bacteroidia; o__Bacteroidales; f__Marinifilaceae; g__Odoribacter	0.9999999999542413
10d4f7de417923944f82eb8131e57035	d__Bacteria; p__Firmicutes; c__Clostridia; o__Lachnospirales; f__Lachnospiraceae	0.9999998284285421
113b83815729d5af728225d785ec760d	d__Bacteria; p__Firmicutes; c__Negativicutes; o__Acidaminococcales; f__Acidaminococcaceae; g__Succiniclasticum; s__uncultured_bacterium	0.9961847797399425
11659628e75a2a83db32a643d9ef57b0	d__Bacteria; p__Bacteroidota; c__Bacteroidia; o__Bacteroidales; f__Marinifilaceae; g__Butyricimonas	0.9999762744309352
11e422c63bd3e7388814fc9cd5b612a1	d__Bacteria; p__Firmicutes; c__Clostridia; o__Lachnospirales; f__Lachnospiraceae	0.9999978082533272
12238f9630c9948d7725227082f81139	d__Bacteria; p__Firmicutes; c__Negativicutes; o__Veillonellales-Selenomonadales; f__Veillonellaceae; g__Megasphaera	0.9999999382858158
12c746261f87e8a06e5d3f4ca1d9d415	d__Bacteria; p__Bacteroidota; c__Bacteroidia; o__Bacteroidales; f__Bacteroidaceae; g__Bacteroides	0.9999999863111725
13a2a96eb3d83ff43ed2075017c750d9	d__Bacteria; p__Firmicutes; c__Clostridia; o__Oscillospirales; f__Ruminococcaceae; g__uncultured	0.9539531595301104
16e30e0be625f6adfcc7626984d8fa70	d__Bacteria; p__Bacteroidota; c__Bacteroidia; o__Bacteroidales; f__Prevotellaceae; g__Prevotella	0.9999996286943915
16e578e743fe10d9328155d94bee8ad3	d__Bacteria; p__Firmicutes; c__Clostridia; o__Oscillospirales; f__Oscillospiraceae; g__UCG-002; s__gut_metagenome	0.7018849683448514
17d9289a3f7f2e27225c67bd6c92e941	d__Bacteria; p__Firmicutes; c__Clostridia; o__Lachnospirales; f__Lachnospiraceae	0.9999999994709055
197160026c7af58f74c21803bfb02a27	d__Bacteria; p__Bacteroidota; c__Bacteroidia; o__Bacteroidales; f__Rikenellaceae; g__Alistipes; s__Alistipes_indistinctus	0.9885774006105637
1a2237a36f37e9dc6b1d6adaf82ba995	d__Bacteria; p__Proteobacteria; c__Alphaproteobacteria; o__Rhodospirillales; f__uncultured; g__uncultured; s__Azospirillum_sp.	0.9741387496029749
1a73c5ba6342cf417c4c6de9dbfb71b8	d__Bacteria; p__Firmicutes; c__Clostridia; o__Lachnospirales; f__Lachnospiraceae; g__uncultured	0.7494141380634916
1b4ee31d7fe2aab11c55dca8ce504b0a	d__Bacteria; p__Firmicutes; c__Clostridia; o__Oscillospirales; f__Butyricicoccaceae; g__Butyricicoccus	0.9999954474865449
1c3b3d6b5540ae4459f826420b48da10	d__Bacteria; p__Bacteroidota; c__Bacteroidia; o__Bacteroidales; f__Tannerellaceae; g__Parabacteroides; s__Parabacteroides_merdae	0.873094238664804
1d9d643c1c87f07c17dd6a27ef5d9a02	d__Bacteria; p__Firmicutes; c__Clostridia; o__Oscillospirales; f__Oscillospiraceae; g__UCG-002	0.9998724216127023
1e47643882fb22e04f7874641093a249	d__Bacteria; p__Firmicutes; c__Clostridia; o__Oscillospirales; f__Oscillospiraceae; g__Colidextribacter	0.7370883121665038
1efa6dcd818bc9b971471a8870a7e318	d__Bacteria; p__Firmicutes; c__Clostridia; o__Oscillospirales; f__Oscillospiraceae; g__UCG-005; s__uncultured_organism	0.9926129844921825
1f80b6a15a52dc9dfb67e5af266c8407	d__Bacteria; p__Firmicutes; c__Clostridia; o__Lachnospirales; f__Lachnospiraceae; g__uncultured; s__uncultured_organism	0.8460396684675836
1ffb2aeb7a135fd7b3fbc489f298aa5c	d__Bacteria; p__Fusobacteriota; c__Fusobacteriia; o__Fusobacteriales; f__Fusobacteriaceae; g__Fusobacterium	0.9999999999957246
209b367315ae7b18538fed4ce8edc2ae	d__Bacteria; p__Bacteroidota; c__Bacteroidia; o__Bacteroidales; f__Bacteroidaceae; g__Bacteroides	0.999999994365575
20cf13f228f8d16b499e9493dd2ee208	d__Bacteria; p__Bacteroidota; c__Bacteroidia; o__Bacteroidales; f__Bacteroidaceae; g__Bacteroides	0.9999999982467176
220117d1b2b713d4dab1deadc76f6804	d__Bacteria; p__Firmicutes; c__Bacilli; o__Lactobacillales; f__Lactobacillaceae; g__Lactobacillus; s__Lactobacillus_mucosae	0.9939768265357605
227d970f58863f05cc4375f03ca9e811	d__Bacteria; p__Firmicutes; c__Clostridia; o__Lachnospirales; f__Lachnospiraceae; g__Lachnoclostridium	0.9780589616699683
22a17749bbb110aef9e907aa03b4b7c8	d__Bacteria; p__Bacteroidota; c__Bacteroidia; o__Bacteroidales; f__Bacteroidaceae; g__Bacteroides; s__Bacteroides_vulgatus	0.9770704994698014
2358df28ab58699505715869111dddbd	d__Bacteria; p__Firmicutes; c__Clostridia; o__Oscillospirales; f__Ruminococcaceae; g__Faecalibacterium	0.9990129001953691
24e465c6574f8b20dddf30461c315d39	d__Bacteria; p__Firmicutes; c__Clostridia; o__Lachnospirales; f__Lachnospiraceae; g__[Ruminococcus]_torques_group	0.9961177593165152
2564b9fa71a649701adda833968fce96	d__Bacteria; p__Firmicutes; c__Clostridia; o__Oscillospirales; f__Ruminococcaceae; g__Subdoligranulum	0.9994126106958683
256aea5570d6c24effddc98cb4e19868	d__Bacteria; p__Synergistota; c__Synergistia; o__Synergistales; f__Synergistaceae; g__Cloacibacillus; s__Cloacibacillus_evryensis	0.9149524492590722
2639f0605ad0fa6c93e982f6b54b465d	d__Bacteria; p__Firmicutes; c__Clostridia; o__Oscillospirales; f__Ruminococcaceae; g__UBA1819; s__uncultured_organism	0.8438207852208373
263f48d60f269c6f0a4bce7adf5d64ee	d__Bacteria; p__Firmicutes; c__Clostridia; o__Oscillospirales; f__Oscillospiraceae	0.999968748525752
26526d91309dceaf6cd1e8ea4739d0b4	d__Bacteria; p__Bacteroidota; c__Bacteroidia; o__Bacteroidales; f__Bacteroidaceae; g__Bacteroides; s__Bacteroides_eggerthii	0.857265622781712
26810017388f10a256232c78c0fda4d0	d__Bacteria; p__Firmicutes; c__Negativicutes; o__Veillonellales-Selenomonadales; f__Veillonellaceae; g__Veillonella	0.99999999617778
268ddebfb987d62b0925b9dd674e0683	d__Bacteria; p__Firmicutes; c__Clostridia; o__Oscillospirales; f__Ruminococcaceae; g__Negativibacillus	0.9999958102430574
26bc9249712e574776fdfbc535e14587	d__Bacteria; p__Firmicutes; c__Bacilli; o__Erysipelotrichales; f__Erysipelotrichaceae; g__Faecalitalea; s__uncultured_organism	0.7638150395751852
26d5c4614643a0b9609257f324bbcaae	d__Bacteria; p__Firmicutes; c__Negativicutes; o__Acidaminococcales; f__Acidaminococcaceae; g__Phascolarctobacterium	0.9999994461388694
2d3f536ce7257608ddf6f44a800c218b	d__Bacteria; p__Bacteroidota; c__Bacteroidia; o__Bacteroidales; f__Bacteroidaceae; g__Bacteroides	0.999999991157243
2d91affd5439832ac047feb97683de37	d__Bacteria; p__Firmicutes; c__Clostridia; o__Lachnospirales; f__Lachnospiraceae; g__Lachnoclostridium	0.7008620868278296
2e63e8e3f9f0f102f570e736e4b27c69	d__Bacteria; p__Firmicutes; c__Clostridia; o__Lachnospirales; f__Lachnospiraceae; g__[Eubacterium]_hallii_group	0.9999998968921997
2f3c5770030811b4cf59a9cb9e6f9e87	d__Bacteria; p__Firmicutes; c__Clostridia; o__Oscillospirales; f__Butyricicoccaceae; g__UCG-009; s__uncultured_organism	0.7789728864992475
301e5dfd3df8e9494226efb9b5f8c095	d__Bacteria; p__Firmicutes; c__Clostridia; o__Lachnospirales; f__Lachnospiraceae; g__Sellimonas; s__uncultured_bacterium	0.7526134095361708
312015c00f6652c04c215fbc47488649	d__Bacteria; p__Firmicutes; c__Clostridia; o__Lachnospirales; f__Lachnospiraceae; g__Blautia; s__metagenome	0.7790834016029419
325894a0b9a19f4bd2d045ecd2444d80	d__Bacteria; p__Proteobacteria; c__Gammaproteobacteria; o__Enterobacterales; f__Enterobacteriaceae	0.9718158515944643
33022141594a26f64007d7ec7d3e49f2	d__Bacteria; p__Firmicutes; c__Clostridia; o__Peptostreptococcales-Tissierellales; f__Peptostreptococcaceae; g__Romboutsia	0.9671776987852823
34a84561f4210c1307d2e3865fc80d16	d__Bacteria; p__Firmicutes; c__Clostridia; o__Christensenellales; f__Christensenellaceae; g__uncultured; s__uncultured_bacterium	0.9955290830813498
35da7d6c16006d7f9b1c9ef4554163ff	d__Bacteria; p__Firmicutes; c__Clostridia; o__Lachnospirales; f__Lachnospiraceae; g__Hungatella	0.9990547185405064
36092224d870f72981bdb1bd4d5a9595	d__Bacteria; p__Firmicutes; c__Clostridia; o__Lachnospirales; f__Lachnospiraceae; g__Tyzzerella; s__unidentified	0.9981896020031699
364637a30b5acc414584e5c5752ab34f	d__Bacteria; p__Firmicutes; c__Clostridia; o__Oscillospirales; f__[Eubacterium]_coprostanoligenes_group; g__[Eubacterium]_coprostanoligenes_group; s__unidentified	0.9830749173663833
38785cf8b769a2cb6393e46da00a2326	d__Bacteria; p__Bacteroidota; c__Bacteroidia; o__Bacteroidales; f__Barnesiellaceae; g__Coprobacter	0.9999999229988469
3a5ace829fb00954efda40b53c1aa4dd	d__Bacteria; p__Firmicutes; c__Clostridia; o__Peptostreptococcales-Tissierellales; f__Anaerovoracaceae; g__Family_XIII_AD3011_group; s__uncultured_organism	0.9768912920367473
3bf370f8c05837ebaebf11e1877bb9d7	d__Bacteria; p__Firmicutes; c__Bacilli; o__Lactobacillales; f__Lactobacillaceae; g__Lactobacillus; s__Lactobacillus_delbrueckii	0.9651807818086903
3c0c6510a8c7bfb052860fff1704270e	d__Bacteria; p__Firmicutes; c__Clostridia; o__Oscillospirales; f__Oscillospiraceae; g__UCG-002; s__uncultured_organism	0.9275689300936886
3c74db5d8ce9990fa40f372285e50d7c	d__Bacteria; p__Firmicutes; c__Clostridia; o__Peptostreptococcales-Tissierellales; f__Peptostreptococcaceae; g__Intestinibacter	0.9842523408923469
3c7d6b5052222ca108167e3f868d1fbf	d__Bacteria; p__Firmicutes; c__Clostridia; o__Peptostreptococcales-Tissierellales; f__Anaerovoracaceae; g__[Eubacterium]_nodatum_group	0.9876704137813346
3d02514742b03f66d00388ec746f7f0a	d__Bacteria; p__Firmicutes; c__Clostridia; o__Oscillospirales; f__Ruminococcaceae; g__Ruminococcus	0.9999998880760179
3d1fcc65c931bb6a77b687a734c7513b	d__Bacteria; p__Bacteroidota; c__Bacteroidia; o__Bacteroidales; f__Rikenellaceae; g__Alistipes	0.9999999999993007
3db347c9182e9467089c6e3ef7f0ee30	d__Bacteria; p__Firmicutes; c__Bacilli; o__Lactobacillales; f__Streptococcaceae; g__Streptococcus	0.9999999552815642
3f569d290b94f68abfd690b5a185a675	d__Bacteria; p__Firmicutes; c__Negativicutes; o__Veillonellales-Selenomonadales; f__Veillonellaceae; g__Dialister; s__uncultured_bacterium	0.7312203915247132
408aeb908e6fb1b17f128b66f269f91b	d__Bacteria; p__Firmicutes; c__Clostridia; o__Peptostreptococcales-Tissierellales; f__Peptostreptococcales-Tissierellales; g__Peptoniphilus	0.9999999999999042
40d2071c73f4316703d4fd85a72f032b	d__Bacteria; p__Firmicutes; c__Clostridia; o__Oscillospirales; f__Oscillospiraceae; g__Colidextribacter; s__uncultured_organism	0.7143963169853655
40dd68437b49789dd596779921fe6e72	d__Bacteria; p__Proteobacteria; c__Alphaproteobacteria; o__Sphingomonadales; f__Sphingomonadaceae; g__Sphingomonas	0.9554114714019722
40f52df59d57833dc173b1dadc29f04b	d__Bacteria; p__Firmicutes; c__Clostridia; o__Oscillospirales; f__Ruminococcaceae; g__Anaerotruncus; s__uncultured_organism	0.9090435114252169
43303b616239cfb4ac93969fa8511f38	d__Bacteria; p__Firmicutes; c__Negativicutes; o__Veillonellales-Selenomonadales; f__Selenomonadaceae; g__Megamonas; s__uncultured_organism	0.7085969200576819
44f621ac93a0085ed2cbbe2dec8253c7	d__Bacteria; p__Firmicutes; c__Bacilli; o__Lactobacillales; f__Lactobacillaceae; g__Lactobacillus; s__Lactobacillus_amylovorus	0.8691445231103607
468c447767d136e8fe7769be25ae1573	d__Bacteria; p__Actinobacteriota; c__Coriobacteriia; o__Coriobacteriales; f__Coriobacteriaceae; g__Collinsella	0.9999999992859265
49083d6725d39d03698e0edb7e210e7f	d__Bacteria; p__Bacteroidota; c__Bacteroidia; o__Bacteroidales; f__Bacteroidaceae; g__Bacteroides; s__Bacteroides_salyersiae	0.9500090966288002
491a09e415ab4f27d27733c567c9e851	d__Bacteria; p__Firmicutes; c__Clostridia; o__Oscillospirales; f__Oscillospiraceae; g__Colidextribacter; s__gut_metagenome	0.7058777270465634
49c3fa878906a9fb1021e192f6e59b83	d__Bacteria; p__Firmicutes; c__Clostridia; o__Lachnospirales; f__Lachnospiraceae	0.9999760137472031
4a31d423711776c23a965d7b276222a2	d__Bacteria; p__Firmicutes; c__Clostridia; o__Oscillospirales; f__Oscillospiraceae; g__UCG-003; s__metagenome	0.7237153428416278
4af74c7c142406926bad0445b6d41526	d__Bacteria; p__Firmicutes; c__Clostridia; o__Lachnospirales; f__Lachnospiraceae; g__Lachnospiraceae_UCG-004	0.9759917728991917
4b4a8bd67c35614fb1a3d48171099a0e	d__Bacteria; p__Desulfobacterota; c__Desulfovibrionia; o__Desulfovibrionales; f__Desulfovibrionaceae; g__Bilophila	0.9999993284970892
4ca141001b0e715ee545686b3ae006d3	d__Bacteria; p__Firmicutes; c__Clostridia; o__Peptostreptococcales-Tissierellales; f__Peptostreptococcaceae; g__Paraclostridium	0.9861490422359535
4d03e70bf1a3582add557aeab8d7053c	d__Bacteria; p__Firmicutes; c__Clostridia; o__Lachnospirales; f__Lachnospiraceae; g__Lachnospiraceae_UCG-004; s__uncultured_Bacteroidetes	0.7281292578376358
4d477d6dd539923bbc13eca3f88adae5	d__Bacteria; p__Firmicutes; c__Clostridia; o__Lachnospirales; f__Lachnospiraceae	0.9999999246317397
4f13b31757426267a1b923846bcfe43d	d__Bacteria; p__Bacteroidota; c__Bacteroidia; o__Bacteroidales; f__Bacteroidaceae; g__Bacteroides; s__Bacteroides_uniformis	0.83272474895203
500d57e4d12cc186a53f984c1496f257	d__Bacteria; p__Firmicutes; c__Bacilli; o__Erysipelotrichales; f__Erysipelatoclostridiaceae; g__Erysipelotrichaceae_UCG-003	0.999998700628032
50d348530b34d7a0b10d46ba6065c905	d__Bacteria; p__Firmicutes; c__Negativicutes; o__Veillonellales-Selenomonadales; f__Veillonellaceae; g__Veillonella	0.9999999945982492
50da935cb4343ba6c21695a03d5353ca	d__Bacteria; p__Bacteroidota; c__Bacteroidia; o__Bacteroidales; f__Bacteroidaceae; g__Bacteroides; s__Bacteroides_stercoris	0.9571392556895822
5110dca24b66c6826872cae26ca8a59c	d__Bacteria; p__Bacteroidota; c__Bacteroidia; o__Bacteroidales; f__Bacteroidaceae; g__Bacteroides; s__Bacteroides_ovatus	0.8713054310793557
51707fe7f44f7d98546572fcc380de9d	d__Bacteria; p__Proteobacteria; c__Gammaproteobacteria; o__Enterobacterales; f__Enterobacteriaceae	0.9174836123332701
51a8d5697d6a6fc543f2562aacc07f79	d__Bacteria; p__Firmicutes; c__Negativicutes; o__Veillonellales-Selenomonadales; f__Veillonellaceae; g__Dialister	0.9999995418555209
5276aa5508ab835230597aaab0cabd8b	d__Bacteria; p__Bacteroidota; c__Bacteroidia; o__Bacteroidales; f__Tannerellaceae; g__Parabacteroides; s__Parabacteroides_merdae	0.7360421705265323
5401edfc1902e0f71700034ae1f78eb1	d__Bacteria; p__Bacteroidota; c__Bacteroidia; o__Bacteroidales; f__Bacteroidaceae; g__Bacteroides	0.9999999999903016
54ab75358f45f0a895dea957ad859cdd	d__Bacteria; p__Firmicutes; c__Clostridia; o__Lachnospirales; f__Lachnospiraceae; g__Lachnoclostridium	0.7592226002329816
54d18074baf9bd4d574efbdb8545612d	d__Bacteria; p__Firmicutes; c__Clostridia; o__Lachnospirales; f__Lachnospiraceae; g__Lachnoclostridium; s__[Clostridium]_aldenense	0.8967410606545715
55275c7900d36914bcebfaf9cdd89063	d__Bacteria; p__Firmicutes; c__Bacilli; o__Erysipelotrichales; f__Erysipelatoclostridiaceae; g__Erysipelatoclostridium	0.9999990025535823
55fc5cc97e2bd6feb4337f5410ccb5f4	d__Bacteria; p__Verrucomicrobiota; c__Verrucomicrobiae; o__Verrucomicrobiales; f__Akkermansiaceae; g__Akkermansia; s__uncultured_organism	0.8050786295650906
5626a0952dc07417c28971463a050caf	d__Bacteria; p__Firmicutes; c__Clostridia; o__Lachnospirales; f__Lachnospiraceae	0.9999997029290957
5796684ced9efadf36da73862ae01df3	d__Bacteria; p__Firmicutes; c__Clostridia; o__Lachnospirales; f__Lachnospiraceae; g__Lachnoclostridium; s__human_gut	0.9468647508261909
583ccbadb12569254121867c571a70c6	d__Bacteria; p__Fusobacteriota; c__Fusobacteriia; o__Fusobacteriales; f__Fusobacteriaceae; g__Fusobacterium; s__Fusobacterium_ulcerans	0.817052211182885
59421f305862ea0c8a13dbfb2f75d881	d__Bacteria; p__Firmicutes; c__Clostridia; o__Lachnospirales; f__Lachnospiraceae; g__[Eubacterium]_ventriosum_group; s__uncultured_Lachnospiraceae	0.8191455854670363
59dcba6f810126ec94da17bff57e3fab	d__Bacteria; p__Firmicutes; c__Clostridia; o__Oscillospirales; f__Ruminococcaceae; g__uncultured; s__uncultured_organism	0.7188575928441843
5b5a1cf5bdffb68b234bc13ec4da5e41	d__Bacteria; p__Firmicutes; c__Clostridia; o__Peptococcales; f__Peptococcaceae; g__uncultured; s__unidentified	0.9118276666494328
5bb18e57884b5a2f610cea26d0610331	d__Bacteria; p__Firmicutes; c__Clostridia; o__Oscillospirales; f__Oscillospiraceae; g__Intestinimonas; s__Intestinimonas_butyriciproducens	0.961394818179281
5bf05dab7962b4e9a76cd2715f8f4dfa	d__Bacteria; p__Bacteroidota; c__Bacteroidia; o__Bacteroidales; f__Tannerellaceae; g__Parabacteroides; s__Parabacteroides_distasonis	0.7886118936656118
5cb1bc7c38463f15d18fd1f47c14806e	d__Bacteria; p__Firmicutes; c__Clostridia; o__Lachnospirales; f__Lachnospiraceae; g__Lachnoclostridium	0.9264578366888148
5d8284f5d0fe52824d7c773341c82b43	d__Bacteria; p__Firmicutes; c__Clostridia; o__Lachnospirales; f__Lachnospiraceae; g__Blautia	0.9813202691829168
5e00577fb00557bbba03b4bad5a8565d	d__Bacteria; p__Firmicutes; c__Clostridia; o__Oscillospirales; f__Butyricicoccaceae; g__UCG-009; s__uncultured_Ruminococcaceae	0.7807877942949724
5f7aeb6693b92dcfff6eeedeb3fad544	d__Bacteria; p__Bacteroidota; c__Bacteroidia; o__Bacteroidales; f__Tannerellaceae; g__Parabacteroides; s__Parabacteroides_distasonis	0.8105774487917657
6075297080c6b17dd53eedfcb7a52289	d__Bacteria; p__Firmicutes; c__Bacilli; o__Lactobacillales; f__Enterococcaceae; g__Enterococcus	0.9938380602235178
61d29ac35c110c16241b29bc6ed11f1b	d__Bacteria; p__Firmicutes; c__Clostridia; o__Oscillospirales; f__Ruminococcaceae; g__DTU089; s__uncultured_organism	0.7461745254907474
62671f5ed5ef18dd2eed166c904cd731	d__Bacteria; p__Firmicutes; c__Clostridia; o__Lachnospirales; f__Lachnospiraceae; g__[Eubacterium]_ventriosum_group; s__uncultured_organism	0.7435211332644163
63a614cb6a831b71b47a9a03579b122c	d__Bacteria; p__Firmicutes; c__Negativicutes; o__Veillonellales-Selenomonadales; f__Veillonellaceae; g__Allisonella; s__uncultured_bacterium	0.8921558564010081
63dd5f4d44c771cadfc06d916e75df46	d__Bacteria; p__Firmicutes; c__Clostridia; o__Oscillospirales; f__Ruminococcaceae; g__Faecalibacterium; s__metagenome	0.8940721532870455
6417601556d6cad9f3b857a050af1979	d__Bacteria; p__Firmicutes; c__Clostridia; o__Lachnospirales; f__Lachnospiraceae; g__[Eubacterium]_hallii_group; s__uncultured_Eubacterium	0.8839767179326122
651e074af35a2404063aea4cd87fa3d9	d__Bacteria; p__Proteobacteria; c__Gammaproteobacteria; o__Burkholderiales; f__Sutterellaceae; g__Parasutterella; s__uncultured_organism	0.7995384988956985
6521f34e85eb9034e3bd9d4e58dff50a	d__Bacteria; p__Bacteroidota; c__Bacteroidia; o__Bacteroidales; f__Bacteroidaceae; g__Bacteroides	0.9999999999376303
65c8105fcc3a451ddaffb23465c00b72	d__Bacteria; p__Firmicutes; c__Clostridia; o__Peptostreptococcales-Tissierellales; f__Peptostreptococcaceae; g__Paeniclostridium	0.8370482123877429
67144d4f15e40504a909b422589a81d6	d__Bacteria; p__Firmicutes; c__Clostridia; o__Monoglobales; f__Monoglobaceae; g__Monoglobus	0.999999970033422
67323ce6d3a895f8ab47372f1ac100e6	d__Bacteria; p__Firmicutes; c__Clostridia; o__Oscillospirales; f__Oscillospiraceae; g__uncultured; s__uncultured_rumen	0.8695110871031602
69771672d476cefb7aa917a34ed45483	d__Bacteria; p__Firmicutes; c__Clostridia; o__Lachnospirales; f__Lachnospiraceae; g__Sellimonas; s__uncultured_organism	0.9896214912228858
6aced79f13ca8162ec0800d542ddf4a3	d__Bacteria; p__Firmicutes; c__Clostridia; o__Lachnospirales; f__Lachnospiraceae	0.9999995299390789
6b25a62f9cf69a1fe7216fb360e69185	d__Bacteria; p__Firmicutes; c__Clostridia; o__Oscillospirales; f__Ruminococcaceae; g__Candidatus_Soleaferrea; s__Ruminococcaceae_bacterium	0.9999989441691529
6ba2aebc78490f01ae2620b4a912a329	d__Bacteria; p__Actinobacteriota; c__Actinobacteria; o__Bifidobacteriales; f__Bifidobacteriaceae; g__Bifidobacterium; s__Bifidobacterium_animalis	0.8027562746408695
6bb39fab7757d5f8713e4a2c3d686723	d__Bacteria; p__Desulfobacterota; c__Desulfovibrionia; o__Desulfovibrionales; f__Desulfovibrionaceae; g__Bilophila	0.9999979843611688
6bd982a66b0c74116b5c1cd9b824c113	d__Bacteria; p__Bacteroidota; c__Bacteroidia; o__Bacteroidales; f__Bacteroidaceae; g__Bacteroides	0.9999999809679065
6bebe8fff42f04548d663df59f1e4b03	d__Bacteria; p__Firmicutes; c__Clostridia; o__Lachnospirales; f__Lachnospiraceae	0.9999999564176024
6c8f795e879f97af6bbf0a5f9f80c30e	d__Bacteria; p__Firmicutes; c__Clostridia; o__Lachnospirales; f__Lachnospiraceae; g__[Eubacterium]_xylanophilum_group; s__uncultured_organism	0.848082329973431
6ca378be9cb481f8239a99b9ed9b02ac	d__Bacteria; p__Bacteroidota; c__Bacteroidia; o__Bacteroidales; f__Barnesiellaceae; g__Barnesiella	0.9999999972947861
6d0ac207f6ff468a637b4a2a922ae25d	d__Bacteria; p__Bacteroidota; c__Bacteroidia; o__Bacteroidales; f__Rikenellaceae; g__Alistipes; s__Alistipes_shahii	0.8366687315427365
6d49d950363495eab5e4f9df0e428e88	d__Bacteria; p__Firmicutes; c__Clostridia; o__Oscillospirales; f__Oscillospiraceae; g__Oscillibacter; s__human_gut	0.7884732741553198
6d6e28fa9ee34c4001032dab30cad4c9	d__Bacteria; p__Firmicutes; c__Clostridia; o__Eubacteriales; f__Eubacteriaceae; g__Eubacterium; s__Eubacterium_limosum	0.9569656842806589
6da0723c8f2c5c79a3818e37948b8962	d__Bacteria; p__Firmicutes; c__Clostridia; o__Lachnospirales; f__Lachnospiraceae; g__[Ruminococcus]_torques_group; s__Ruminococcus_lactaris	0.803543776055799
6e14788f3f3cb78ee7fa0348a0c2cf46	d__Bacteria; p__Bacteroidota; c__Bacteroidia; o__Bacteroidales; f__Bacteroidaceae; g__Bacteroides; s__Bacteroides_plebeius	0.9999371165299561
6e4236a1abc321b6fe8131a9b686f8d9	d__Bacteria; p__Proteobacteria; c__Gammaproteobacteria; o__Burkholderiales; f__Sutterellaceae; g__Sutterella	0.9999999926104884
713604517e3772a29e1251b4301638df	d__Bacteria; p__Firmicutes; c__Clostridia; o__Lachnospirales; f__Lachnospiraceae; g__Lachnospiraceae; s__Cuneatibacter_caecimuris	0.9988764385968129
718be274e36083f02047feb0afbd6207	d__Bacteria; p__Firmicutes; c__Bacilli; o__Erysipelotrichales; f__Erysipelotrichaceae; g__[Clostridium]_innocuum_group	0.9999657612289217
73430bc839451a90e446092bddb91416	d__Bacteria; p__Bacteroidota; c__Bacteroidia; o__Bacteroidales; f__Prevotellaceae; g__Prevotella	0.9999999909642084
73db3b02cc18a419f941fb30dbbb3038	d__Bacteria; p__Firmicutes; c__Clostridia; o__Lachnospirales; f__Lachnospiraceae	0.9835146840577842
750872365d82961f5eaada0cf0484714	d__Bacteria; p__Firmicutes; c__Negativicutes; o__Veillonellales-Selenomonadales; f__Selenomonadaceae; g__uncultured; s__uncultured_organism	0.8800725291764838
7529387a7de635933c08e82ddc612462	d__Bacteria; p__Firmicutes; c__Clostridia; o__Oscillospirales; f__Ruminococcaceae; g__CAG-352; s__uncultured_bacterium	0.9575731500560039
759092e8e6a162fd1440168afbd99030	d__Bacteria; p__Bacteroidota; c__Bacteroidia; o__Bacteroidales; f__Bacteroidaceae; g__Bacteroides; s__Bacteroides_plebeius	0.9999573199015025
7819a71c58901e8e07ee4075f29f1b7d	d__Bacteria; p__Firmicutes; c__Negativicutes; o__Veillonellales-Selenomonadales; f__Veillonellaceae; g__Veillonella	0.9999999975048128
78ef48aba8226b2d3b910640ec588864	d__Bacteria; p__Firmicutes; c__Clostridia; o__Lachnospirales; f__Lachnospiraceae; g__Dorea; s__uncultured_Dorea	0.8684493390522905
792f6118b87f47aede9264a883461b85	d__Bacteria; p__Firmicutes; c__Clostridia; o__Oscillospirales; f__Oscillospiraceae; g__Colidextribacter	0.9998882089224552
79b84c45e91ded6c9d506773ea40abc7	d__Bacteria; p__Firmicutes; c__Clostridia; o__Lachnospirales; f__Lachnospiraceae; g__[Eubacterium]_fissicatena_group	0.9960053322472501
7a1cf949ddef7ec0e1d264d30d2c1c65	d__Bacteria; p__Firmicutes; c__Clostridia; o__Oscillospirales; f__Oscillospiraceae; g__UCG-002	0.999981979943686
7ab180612716a7fa058f4b230bfdf8b4	d__Bacteria; p__Firmicutes; c__Clostridia; o__Lachnospirales; f__Lachnospiraceae; g__[Eubacterium]_hallii_group; s__uncultured_organism	0.7588364392855269
7c60bd2ffe3eed870549edc57875acf8	d__Bacteria; p__Proteobacteria; c__Gammaproteobacteria; o__Burkholderiales; f__Sutterellaceae; g__Parasutterella; s__uncultured_organism	0.7511989056756713
7d4937b4c6e3c6945767d184fe3002bf	d__Bacteria; p__Bacteroidota; c__Bacteroidia; o__Bacteroidales; f__Barnesiellaceae; g__Barnesiella	0.9999999995775202
7e3936a7ee9a6e1751a173fc4402fea8	d__Bacteria; p__Firmicutes; c__Clostridia; o__Lachnospirales; f__Lachnospiraceae; g__Coprococcus	0.9619238819650144
7ebdde23c2629144da4e648054bf91fe	d__Bacteria; p__Firmicutes; c__Clostridia; o__Clostridia_UCG-014; f__Clostridia_UCG-014; g__Clostridia_UCG-014; s__gut_metagenome	0.9923257188302211
7fb9ec6296b13a71a6341ef0be801f54	d__Bacteria; p__Firmicutes; c__Clostridia; o__Lachnospirales; f__Lachnospiraceae; g__Lachnoclostridium; s__[Clostridium]_aldenense	0.7302560775430122
80061880f0b4ff3e3c63ed98f8d69541	d__Bacteria; p__Firmicutes; c__Negativicutes; o__Veillonellales-Selenomonadales; f__Veillonellaceae; g__Veillonella	0.9999999950446231
80db623282c3b488a15bd89c097b3885	d__Bacteria; p__Firmicutes; c__Clostridia; o__Oscillospirales; f__Ruminococcaceae; g__Ruminococcus	0.999999974433977
81baf0f76c1bb7ca6ff39194119f6273	d__Bacteria; p__Firmicutes; c__Bacilli; o__Erysipelotrichales; f__Erysipelotrichaceae; g__Holdemania; s__uncultured_bacterium	0.9237840790750734
82e58138eb471fc3f0915a65781c50dc	d__Bacteria; p__Firmicutes; c__Clostridia; o__Oscillospirales; f__Ruminococcaceae; g__Phocea; s__uncultured_bacterium	0.8207317859595159
82faa5dfc406b7951c71f5951e433cdc	d__Bacteria; p__Firmicutes; c__Clostridia; o__Lachnospirales; f__Lachnospiraceae; g__Coprococcus; s__unidentified	0.9772616485257892
8517ed72f5e84cdc5d3bcebd03a7e2cb	d__Bacteria; p__Actinobacteriota; c__Actinobacteria; o__Bifidobacteriales; f__Bifidobacteriaceae; g__Bifidobacterium	0.9999999250870422
86e96e381ffa1e89163433a7249fc122	d__Bacteria; p__Firmicutes; c__Clostridia; o__Oscillospirales; f__Oscillospiraceae; g__Flavonifractor; s__uncultured_bacterium	0.9321703695311653
873811a2eb59bfab594c5ea58e233f30	d__Bacteria; p__Firmicutes; c__Clostridia; o__Lachnospirales; f__Lachnospiraceae	0.9999997796093877
888b96e8befc24c966c05e5a3362ccba	d__Bacteria; p__Bacteroidota; c__Bacteroidia; o__Bacteroidales; f__Prevotellaceae; g__Prevotella	0.9999991635734234
89666d5db2b314661d2cb52b4a83944f	d__Bacteria; p__Firmicutes; c__Clostridia; o__Oscillospirales; f__Oscillospiraceae; g__Oscillibacter	0.9999997169637671
8a54021cb4da7a3e23749984c74db409	d__Bacteria; p__Firmicutes; c__Clostridia; o__Peptostreptococcales-Tissierellales; f__Anaerovoracaceae; g__[Eubacterium]_brachy_group; s__uncultured_bacterium	0.9999826937185802
8aacd128ab3f9270abab2d8a72334c1f	d__Bacteria; p__Firmicutes; c__Bacilli; o__Lactobacillales; f__Streptococcaceae; g__Streptococcus	0.9999999402958882
8b70ae7ae06e4325a443d32067235627	d__Bacteria; p__Firmicutes; c__Clostridia; o__Oscillospirales; f__Ruminococcaceae; g__Incertae_Sedis; s__uncultured_organism	0.9980100039933462
8be9cd3d48e8acb75832c545524bd60b	d__Bacteria; p__Firmicutes; c__Clostridia; o__Lachnospirales; f__Lachnospiraceae	0.9999709659367244
8cb1a447f8faacc6f1f1f5c5eea8692e	d__Bacteria; p__Firmicutes; c__Clostridia; o__Oscillospirales; f__Oscillospiraceae; g__UCG-005	0.8575311705419877
8ec6c2f10ae519def1c82e74d76f9dd0	d__Bacteria; p__Firmicutes; c__Clostridia; o__Oscillospirales; f__Oscillospiraceae; g__NK4A214_group; s__metagenome	0.9659095339451512
8ef7209537fc461aceaba8148eadb2bf	d__Bacteria; p__Firmicutes; c__Clostridia; o__Oscillospirales; f__Ruminococcaceae; g__Ruminococcus; s__Ruminococcus_bicirculans	0.7651595505731363
8f2ddb8d1729fc35598d70fbcbd1b1af	d__Bacteria; p__Bacteroidota; c__Bacteroidia; o__Bacteroidales; f__Bacteroidaceae; g__Bacteroides	0.999999999549303
8f62d545ecb1feb5e80c53246d162aff	d__Bacteria; p__Firmicutes; c__Clostridia; o__Lachnospirales; f__Lachnospiraceae; g__Lachnoclostridium	0.9997251224906298
9273743375fbdb5088eb22ba73a53807	d__Bacteria; p__Bacteroidota; c__Bacteroidia; o__Bacteroidales; f__Rikenellaceae; g__Alistipes	0.9999999999999488
92abe2b4b0de2f23088005175495f827	d__Bacteria; p__Firmicutes; c__Bacilli; o__Erysipelotrichales; f__Erysipelotrichaceae; g__Holdemania; s__uncultured_bacterium	0.9965813932292853
938e0e62bda9409d01282e7f6fb27097	d__Bacteria; p__Firmicutes; c__Clostridia; o__Oscillospirales; f__Ruminococcaceae; g__uncultured; s__uncultured_organism	0.841659689253167
94a4514a390c0d637d12c2d9d18baa86	d__Bacteria; p__Firmicutes; c__Clostridia; o__Lachnospirales; f__Lachnospiraceae; g__Lachnospiraceae_UCG-010; s__uncultured_organism	0.9970791742607136
94ef4b5d227538eafea834c58b28a6ec	d__Bacteria; p__Firmicutes; c__Clostridia; o__Oscillospirales; f__Oscillospiraceae; g__uncultured; s__Clostridium_sp.	0.9308818420930722
950dbc7dee960a5cfb25ccfda6e97bb7	d__Bacteria; p__Firmicutes; c__Clostridia; o__Oscillospirales; f__Oscillospiraceae; g__UCG-005; s__uncultured_organism	0.9984681114666122
95501a89a3915469692bdb7941c11379	d__Bacteria; p__Firmicutes; c__Clostridia; o__Oscillospirales; f__Oscillospiraceae; g__UCG-003	0.9992810796420986
97d34dbaf75b1ffbb56b6d7b8db933bf	d__Bacteria; p__Bacteroidota; c__Bacteroidia; o__Bacteroidales; f__Bacteroidaceae; g__Bacteroides	0.999999999985838
98e7345a2b5b527791384d81cafc0dcd	d__Bacteria; p__Firmicutes; c__Clostridia; o__Oscillospirales; f__Oscillospiraceae; g__Colidextribacter	0.8468577100104667
990e427af5a7e84df40ad76353d8d01c	d__Bacteria; p__Firmicutes; c__Clostridia; o__Clostridia_UCG-014; f__Clostridia_UCG-014; g__Clostridia_UCG-014	0.9999999999611843
99f418011aa866eeb13e5f6825573bf3	d__Bacteria; p__Bacteroidota; c__Bacteroidia; o__Bacteroidales; f__Bacteroidaceae; g__Bacteroides; s__Bacteroides_coprophilus	0.9998525769964628
9a4ae1e5cc95b0494e5c53c16654b74a	d__Bacteria; p__Firmicutes; c__Clostridia; o__Lachnospirales; f__Lachnospiraceae; g__uncultured; s__uncultured_organism	0.8527148317704261
9c13009a275ca87b4c1e8ba96489502e	d__Bacteria; p__Firmicutes; c__Clostridia; o__Lachnospirales; f__Lachnospiraceae; g__Dorea	0.9746652575519413
9ca9e80bb08ba22912ea23d7c2ba17fd	d__Bacteria; p__Firmicutes; c__Clostridia; o__Lachnospirales; f__Lachnospiraceae; g__Blautia	0.997712874228181
9de5930139536cf89ea36ad8e9460bb3	d__Bacteria; p__Firmicutes; c__Clostridia; o__Oscillospirales; f__Oscillospiraceae; g__UCG-005; s__gut_metagenome	0.8562195006199632
9df382506115b6c37b5d63ef2115191c	d__Bacteria; p__Firmicutes; c__Clostridia; o__Lachnospirales; f__Lachnospiraceae; g__[Eubacterium]_hallii_group	0.999999867564315
9f3b00199e37e4678f066b1a05393c8c	d__Bacteria; p__Firmicutes; c__Clostridia; o__Lachnospirales; f__Lachnospiraceae; g__uncultured	0.7029013778800168
a18434a7badd84195a6bd5a5e88a2a74	d__Bacteria; p__Firmicutes; c__Clostridia; o__Lachnospirales; f__Lachnospiraceae; g__Lachnoclostridium; s__[Clostridium]_scindens	0.9755019886256867
a20a749f4fc5d3012ebb8e1d28dcc0e8	d__Bacteria; p__Firmicutes; c__Clostridia; o__Lachnospirales; f__Lachnospiraceae	0.9999995353148767
a2c05fb539c21bceded189937b7e8bc1	d__Bacteria; p__Firmicutes; c__Bacilli; o__Lactobacillales; f__Streptococcaceae; g__Streptococcus	0.9999969526765918
a3c45c907d18607a6d0665c100439bbe	d__Bacteria; p__Firmicutes; c__Clostridia; o__Oscillospirales; f__Butyricicoccaceae; g__UCG-009	0.9998870069105525
a4a428592b288a48ae38de34593bb2ce	d__Bacteria; p__Firmicutes; c__Clostridia; o__Lachnospirales; f__Lachnospiraceae; g__Lachnospiraceae_UCG-010; s__uncultured_bacterium	0.9990433795838487
a4b487494862f71e4969a95b8f3ec239	d__Bacteria; p__Firmicutes; c__Clostridia; o__Oscillospirales; f__Ruminococcaceae; g__Subdoligranulum	0.9935244711817671
a55204d164667eff2214d7557df1b98f	d__Bacteria; p__Firmicutes; c__Clostridia; o__Oscillospirales; f__Ruminococcaceae; g__Candidatus_Soleaferrea; s__uncultured_Anaerotruncus	0.9999996077593126
a57fbefa772cc389a0085cf035471a25	d__Bacteria; p__Bacteroidota; c__Bacteroidia; o__Bacteroidales; f__Bacteroidaceae; g__Bacteroides; s__Bacteroides_eggerthii	0.9843658979205765
a5a0bda5607ab2f14a9b3cdf23b8f67b	d__Bacteria; p__Firmicutes; c__Clostridia; o__Lachnospirales; f__Lachnospiraceae; g__Blautia	0.9857626128958409
a6863d4dc9e7b0388cef835a0d230102	d__Bacteria; p__Firmicutes; c__Clostridia; o__Lachnospirales; f__Lachnospiraceae; g__Lachnospiraceae_UCG-001; s__Lachnospiraceae_bacterium	0.9686114781869488
a8ae04e27e1b61e3f67158822632b094	d__Bacteria; p__Bacteroidota; c__Bacteroidia; o__Bacteroidales; f__Rikenellaceae; g__Alistipes; s__Alistipes_sp.	0.9378791916645118
a914620748922cd599810e96ac6b926d	d__Bacteria; p__Firmicutes; c__Clostridia; o__Oscillospirales; f__Ruminococcaceae; g__Subdoligranulum	0.9992578652258964
a91adbef7742b52747cc722198c799ab	d__Bacteria; p__Firmicutes; c__Clostridia; o__Lachnospirales; f__Lachnospiraceae; g__Lachnospiraceae_ND3007_group; s__metagenome	0.9539224143873828
a9251a69266660ed8700a3f5d9cd6593	d__Bacteria; p__Firmicutes; c__Clostridia; o__Oscillospirales; f__Ruminococcaceae	0.9999999058140954
a94d89dcf7bb95846d68f8d547f03ca7	d__Bacteria; p__Bacteroidota; c__Bacteroidia; o__Bacteroidales; f__Rikenellaceae; g__Alistipes; s__uncultured_Alistipes	0.8344231171991837
a969058e03f3ad1f3223662491bd805b	d__Bacteria; p__Firmicutes; c__Clostridia; o__Lachnospirales; f__Lachnospiraceae; g__[Eubacterium]_eligens_group	0.9999072622736831
aa2eeeb505ac76273e49ca4ac4c973c1	d__Bacteria; p__Firmicutes; c__Clostridia; o__Lachnospirales; f__Lachnospiraceae	0.9999997834945384
aabedccfe80824fe57e942d35652655e	d__Bacteria; p__Firmicutes; c__Clostridia; o__Oscillospirales; f__Oscillospiraceae; g__UCG-003	0.9991926383472118
abfca78ddf9fde5a5a46d8f7da690a64	d__Bacteria; p__Firmicutes; c__Clostridia; o__Lachnospirales; f__Lachnospiraceae	0.9999999977138337
ac7fb3a538c8a6043eda378b8e1ae806	d__Bacteria; p__Firmicutes; c__Bacilli; o__Erysipelotrichales; f__Erysipelotrichaceae; g__Dielma	0.9999999881522933
ad493b06835350680b253c9f0505065c	d__Bacteria; p__Firmicutes; c__Clostridia; o__Lachnospirales; f__Lachnospiraceae; g__Lachnoclostridium	0.9845708437948245
ae547ef271ef1fc538da00715754219c	d__Bacteria; p__Proteobacteria; c__Gammaproteobacteria; o__Burkholderiales; f__Sutterellaceae; g__Sutterella	0.9999999511430933
afaed5b814af8fdf712ee3a2f6e146ea	d__Bacteria; p__Firmicutes; c__Clostridia; o__Clostridiales; f__Clostridiaceae; g__Candidatus_Arthromitus; s__uncultured_bacterium	0.8201197541720892
aff07f39e5e25c7f88c998094fce72ca	d__Bacteria; p__Firmicutes; c__Negativicutes; o__Veillonellales-Selenomonadales; f__Veillonellaceae; g__Megasphaera; s__uncultured_organism	0.7001855541989422
b0c83858accb36fae1309230e71f31a3	d__Bacteria; p__Bacteroidota; c__Bacteroidia; o__Bacteroidales; f__Bacteroidaceae; g__Bacteroides; s__Bacteroides_coprocola	0.9947702245682949
b0dd2363a6b74860c0b87f4ae1d85e1a	d__Bacteria; p__Firmicutes; c__Clostridia; o__Lachnospirales; f__Lachnospiraceae; g__[Ruminococcus]_torques_group; s__Ruminococcus_sp.	0.9126612480550189
b1a560461a91838150f8b30ef37954e6	d__Bacteria; p__Bacteroidota; c__Bacteroidia; o__Bacteroidales; f__Rikenellaceae; g__Rikenellaceae_RC9_gut_group; s__uncultured_bacterium	0.9998403531007967
b1d59ccbfd08400f257921ca431858c3	d__Bacteria; p__Firmicutes; c__Clostridia; o__Lachnospirales; f__Lachnospiraceae	0.9999999987784878
b37c72712ed67b5df6653cd80fae6703	d__Bacteria; p__Firmicutes; c__Clostridia; o__Lachnospirales; f__Lachnospiraceae; g__[Ruminococcus]_torques_group	0.9983688262118997
b66bb22814d1d569a31432588269a24d	d__Bacteria; p__Firmicutes; c__Clostridia; o__Oscillospirales; f__Ruminococcaceae; g__uncultured; s__human_gut	0.8779699704076391
b813cdcad2df04855bbeb3d29247defd	d__Bacteria; p__Firmicutes; c__Clostridia; o__Lachnospirales; f__Lachnospiraceae	0.9999999090678172
b8bff7baca856f5baba321a03beb073c	d__Bacteria; p__Firmicutes; c__Clostridia; o__Lachnospirales; f__Lachnospiraceae	0.9999995167562832
b913c0f3f6986d8dc970718b170adfac	d__Bacteria; p__Firmicutes; c__Clostridia; o__Lachnospirales; f__Lachnospiraceae	0.9999800477833831
ba2eb4bd3faa80b442aa2a4f8667a6a8	d__Bacteria; p__Firmicutes; c__Bacilli; o__Erysipelotrichales; f__Erysipelatoclostridiaceae; g__Erysipelatoclostridium; s__Massiliomicrobiota_timonensis	0.9985665378389945
ba56a5b65120693452a96ae6af6cf0b7	d__Bacteria; p__Firmicutes; c__Clostridia; o__Lachnospirales; f__Lachnospiraceae; g__Hungatella; s__uncultured_bacterium	0.7264391470838295
baf2c44be77467f1fe5a25b9617255a1	d__Bacteria; p__Bacteroidota; c__Bacteroidia; o__Bacteroidales; f__Bacteroidaceae; g__Bacteroides; s__Bacteroides_massiliensis	0.9106926746137163
bd7fcaf49550583fbc3c6502d0f29420	d__Bacteria; p__Bacteroidota; c__Bacteroidia; o__Bacteroidales; f__Bacteroidaceae; g__Bacteroides; s__Bacteroides_plebeius	0.999884497713368
bd87538a8a84679b27e33c28432046c2	d__Bacteria; p__Firmicutes; c__Clostridia; o__Lachnospirales; f__Lachnospiraceae; g__Blautia	0.9505044472873811
bea37428d43c7b188396f12a738e2552	d__Bacteria; p__Firmicutes; c__Negativicutes; o__Acidaminococcales; f__Acidaminococcaceae; g__Acidaminococcus	0.9997790051120748
bfec3f48be151947542d749f589a9792	d__Bacteria; p__Firmicutes; c__Clostridia; o__Lachnospirales; f__Lachnospiraceae; g__Lachnospira	0.9931474174590895
c06b712348f8542720421722120be38e	d__Bacteria; p__Bacteroidota; c__Bacteroidia; o__Bacteroidales; f__Bacteroidaceae; g__Bacteroides	0.9999999951481063
c06ecd99f1baa9d7cc4e7b18dd5a70fc	d__Bacteria; p__Desulfobacterota; c__Desulfovibrionia; o__Desulfovibrionales; f__Desulfovibrionaceae; g__Bilophila	0.9999996181326685
c0bf800bd1725df16d4e9876e6f1193c	d__Bacteria; p__Firmicutes; c__Clostridia; o__Oscillospirales; f__[Eubacterium]_coprostanoligenes_group; g__[Eubacterium]_coprostanoligenes_group	0.999996565584574
c0f832b69a6b9a99a803b7a6f52d466f	d__Bacteria; p__Firmicutes; c__Clostridia; o__Lachnospirales; f__Lachnospiraceae; g__Agathobacter	0.8259340991608908
c24776374da177088ba0cec5e27c9cbb	d__Bacteria; p__Bacteroidota; c__Bacteroidia; o__Bacteroidales; f__Tannerellaceae; g__Parabacteroides; s__Parabacteroides_distasonis	0.8132563785538897
c2567d8c955045b446c2f9f94fb3c757	d__Bacteria; p__Firmicutes; c__Clostridia; o__Lachnospirales; f__Lachnospiraceae; g__Lachnoclostridium	0.7048469836952114
c263e379c9b326a8abfc4c5933f7dbb7	d__Bacteria; p__Firmicutes; c__Clostridia; o__Lachnospirales; f__Lachnospiraceae; g__Lachnospiraceae_UCG-004; s__uncultured_organism	0.7455634318504677
c3342d2a9a35fb23f494d299efedfcb9	d__Bacteria; p__Proteobacteria; c__Gammaproteobacteria; o__Enterobacterales; f__Enterobacteriaceae; g__Escherichia-Shigella	0.9895058217417287
c568752ff3bba2c7746746965a003575	d__Bacteria; p__Firmicutes; c__Clostridia; o__Lachnospirales; f__Lachnospiraceae	0.999999244705113
c6052f784c9c2675923c25f8f3587e7c	d__Bacteria; p__Firmicutes; c__Clostridia; o__Oscillospirales; f__Butyricicoccaceae; g__Butyricicoccus; s__uncultured_organism	0.8084652619747639
c64d35febfcd11cdc7e759f2e0f63c90	d__Bacteria; p__Firmicutes; c__Clostridia; o__Lachnospirales; f__Lachnospiraceae	0.9999993966112467
c743e3aa2085c6d0f2d0c9071bcd07e3	d__Bacteria; p__Firmicutes; c__Clostridia; o__Lachnospirales; f__Lachnospiraceae; g__uncultured; s__uncultured_Eubacterium	0.9970716917659753
ca1392eaa969b2980a69cc34a327e112	d__Bacteria; p__Bacteroidota; c__Bacteroidia; o__Bacteroidales; f__Bacteroidaceae; g__Bacteroides; s__Bacteroides_vulgatus	0.7465032164804699
cb8fde04ce49f44be59e73660901c11b	d__Bacteria; p__Firmicutes; c__Clostridia; o__Oscillospirales; f__Butyricicoccaceae; g__Butyricicoccus; s__uncultured_bacterium	0.9322456460736752
cd154fe7ba5dc9f314c084600cfa53c9	d__Bacteria; p__Firmicutes; c__Bacilli; o__Lactobacillales; f__Lactobacillaceae; g__Lactobacillus; s__Lactobacillus_johnsonii	0.8912381692429685
cd2d1c880543440df16252c701b79fdb	d__Bacteria; p__Firmicutes; c__Clostridia; o__Lachnospirales; f__Lachnospiraceae; g__Blautia	0.9377273881336214
cd3e52559a9e53dce7721688de8fd9b5	d__Bacteria; p__Firmicutes; c__Clostridia; o__Lachnospirales; f__Lachnospiraceae; g__[Ruminococcus]_gnavus_group	0.9989036698583834
cd4642127323648a1b632dd1801a35ff	d__Bacteria; p__Firmicutes; c__Clostridia; o__Oscillospirales; f__[Eubacterium]_coprostanoligenes_group; g__[Eubacterium]_coprostanoligenes_group; s__Eubacteriaceae_bacterium	0.8909840997865878
cece12865e81c96a523b3bb6a4511561	d__Bacteria; p__Bacteroidota; c__Bacteroidia; o__Bacteroidales; f__Bacteroidaceae; g__Bacteroides; s__Bacteroides_vulgatus	0.9469471561620952
d051e46a2ac73aead2b4a876701c9862	d__Bacteria; p__Bacteroidota; c__Bacteroidia; o__Bacteroidales; f__Bacteroidaceae; g__Bacteroides	0.9999999797543566
d0b94e52acb1c8e181ff832c87ec3dc6	d__Bacteria; p__Desulfobacterota; c__Desulfovibrionia; o__Desulfovibrionales; f__Desulfovibrionaceae; g__Desulfovibrio	0.9999994120659592
d186812ad77fb5272ec60a5bbea2cc22	d__Bacteria; p__Firmicutes; c__Clostridia; o__Lachnospirales; f__Lachnospiraceae; g__Anaerostipes	0.9999994004089308
d1b67fc031af265522850343f74ffd0b	d__Bacteria; p__Firmicutes; c__Clostridia; o__Christensenellales; f__Christensenellaceae; g__Christensenellaceae_R-7_group; s__human_gut	0.999268644100452
d1dd9f09e5374278dbe38fc473ae9f80	d__Bacteria; p__Firmicutes; c__Bacilli; o__Erysipelotrichales; f__Erysipelotrichaceae; g__Holdemania	0.9999997866795595
d1e978a2f853471cd7dafa077d2e69f5	d__Bacteria; p__Firmicutes; c__Clostridia; o__Lachnospirales; f__Lachnospiraceae; g__Lachnospira	0.9996506162907617
d20a519a6e8fe3679522bdb785632124	d__Bacteria; p__Firmicutes; c__Clostridia; o__Oscillospirales; f__Butyricicoccaceae; g__Butyricicoccus; s__Butyricicoccus_pullicaecorum	0.9964359824064574
d234c7d2ca5d0db4b05946190f48f05f	d__Bacteria; p__Proteobacteria; c__Gammaproteobacteria; o__Burkholderiales; f__Sutterellaceae; g__Sutterella	0.9999999595038884
d297ac0639999f31d16be8cfa498e4de	d__Bacteria; p__Firmicutes; c__Clostridia; o__Oscillospirales	0.9998115347053643
d48497047feb5dace60353aa7dc792ca	d__Bacteria; p__Firmicutes; c__Clostridia; o__Oscillospirales; f__Oscillospiraceae; g__Intestinimonas; s__uncultured_bacterium	0.7941050682060323
d54e84e50addcb527e4290d59525524f	d__Bacteria; p__Firmicutes; c__Clostridia; o__Oscillospirales; f__Oscillospiraceae; g__Flavonifractor; s__uncultured_bacterium	0.7411726122894556
d58d8084d414e21a1c76c1f72d3e0096	d__Bacteria; p__Bacteroidota; c__Bacteroidia; o__Bacteroidales; f__Rikenellaceae; g__Alistipes; s__Alistipes_obesi	0.9989980459606967
d5b22a367668019c66d346e758f7a1ee	d__Bacteria; p__Firmicutes; c__Clostridia; o__Lachnospirales; f__Lachnospiraceae; g__Lachnoclostridium	0.996034838854102
d5ce07f462c16483a2f146ddc760192b	d__Bacteria; p__Firmicutes; c__Clostridia; o__Lachnospirales; f__Lachnospiraceae	0.9999999978554894
d6ed36f7f7a8cfd10120f5dfa5e1b3ce	d__Bacteria; p__Firmicutes; c__Clostridia; o__Oscillospirales; f__Ruminococcaceae	0.999888974997261
d7b8a25da82bccc48f91f25966c10940	d__Bacteria; p__Firmicutes; c__Clostridia; o__Oscillospirales; f__Ruminococcaceae; g__Faecalibacterium	0.9995908869996214
d7f34a9bc427ae27d1f7550b8d91eee5	d__Bacteria; p__Firmicutes; c__Clostridia; o__Lachnospirales; f__Lachnospiraceae; g__Anaerostignum; s__uncultured_Firmicutes	0.7734962376844394
d7f6bf121b9507f6698f4c0504f16886	d__Bacteria; p__Firmicutes; c__Clostridia; o__Lachnospirales; f__Lachnospiraceae; g__Tyzzerella; s__Tyzzerella_sp.	0.7490658701754901
d884ec0375d63245f9eecc02d450ad42	d__Bacteria; p__Firmicutes; c__Clostridia; o__Oscillospirales; f__Oscillospiraceae; g__Intestinimonas	0.9368150964873087
d88a3b5995e61d696da998a9e2220fda	d__Bacteria; p__Bacteroidota; c__Bacteroidia; o__Bacteroidales; f__Prevotellaceae; g__uncultured	0.9999952069452982
d8999f85296a9d9f0eb3a48834df9d46	d__Bacteria; p__Bacteroidota; c__Bacteroidia; o__Bacteroidales; f__Bacteroidaceae; g__Bacteroides; s__Bacteroides_fragilis	0.7008552002381384
d8ba2bca8d3e2b15ce28e4c8abe669e8	d__Bacteria; p__Firmicutes; c__Clostridia; o__Oscillospirales; f__[Eubacterium]_coprostanoligenes_group; g__[Eubacterium]_coprostanoligenes_group	0.9999787887756949
d93169e48e89facb66c803c3a4ef3866	d__Bacteria; p__Firmicutes; c__Negativicutes; o__Veillonellales-Selenomonadales; f__Veillonellaceae; g__Dialister	0.9997157842102777
d942a93fd054ca3ce650af770828e025	d__Bacteria	0.9999999999992268
d9894956801e896a84e9f2fa417bdcee	d__Bacteria; p__Proteobacteria; c__Gammaproteobacteria; o__Burkholderiales; f__Sutterellaceae; g__Sutterella; s__gut_metagenome	0.8850875509491951
da27176c2cce8781f6e9a43b6df1eead	d__Bacteria; p__Firmicutes; c__Clostridia; o__Lachnospirales; f__Lachnospiraceae; g__Coprococcus; s__metagenome	0.9005320374017628
db06ac31d32640c4e38d3044152b683f	d__Bacteria; p__Bacteroidota; c__Bacteroidia; o__Bacteroidales; f__Rikenellaceae; g__Alistipes; s__Alistipes_sp.	0.995734897010244
db79739512d1a8e2ea6457e99ff96b8f	d__Bacteria; p__Bacteroidota; c__Bacteroidia; o__Bacteroidales; f__Tannerellaceae; g__Parabacteroides; s__Parabacteroides_distasonis	0.7710845496465498
dbadd8935a42590900724f074cf3dabd	d__Bacteria; p__Firmicutes; c__Bacilli; o__Erysipelotrichales; f__Erysipelatoclostridiaceae; g__Erysipelatoclostridium; s__[Clostridium]_spiroforme	0.954979054019858
dbeca30a8a3492fd211129fcdfb443e8	d__Bacteria; p__Firmicutes; c__Clostridia; o__Lachnospirales; f__Lachnospiraceae; g__Lachnospiraceae_UCG-010; s__uncultured_organism	0.964250378812482
dcea7192b071c939337560d2acd0f0fc	d__Bacteria; p__Firmicutes; c__Clostridia; o__Oscillospirales; f__Ruminococcaceae; g__Faecalibacterium	0.9986356533213145
dcf939dc2f792b859cfaf8c7302cbfda	d__Bacteria; p__Firmicutes; c__Clostridia; o__Peptostreptococcales-Tissierellales; f__Anaerovoracaceae; g__Family_XIII_AD3011_group; s__uncultured_bacterium	0.8976603147894101
dd1267fa2051fccbfe0b94a91b816a8a	d__Bacteria; p__Firmicutes; c__Clostridia; o__Oscillospirales; f__Oscillospiraceae; g__Oscillibacter; s__uncultured_bacterium	0.8978908161716673
dd97d6f95b99dba9e03337fec7d50aae	d__Bacteria; p__Firmicutes; c__Clostridia; o__Lachnospirales; f__Lachnospiraceae	0.9999724532356821
def3c30e074b3e5c658874a112423e7d	d__Bacteria; p__Firmicutes; c__Clostridia; o__Oscillospirales; f__Butyricicoccaceae; g__Butyricicoccus	0.9999913353878489
e080d9c3a52bc4b2806d1dce664181f3	d__Bacteria; p__Firmicutes; c__Clostridia; o__Oscillospirales; f__Butyricicoccaceae; g__Butyricicoccus; s__uncultured_organism	0.7213205517995508
e2d091def811131e21b986b684f5c86c	d__Bacteria; p__Firmicutes; c__Clostridia; o__Oscillospirales; f__Oscillospiraceae; g__uncultured	0.7497774304870716
e31b5c5982f3547089d0a9c55ab453d6	d__Bacteria; p__Firmicutes; c__Clostridia; o__Lachnospirales; f__Lachnospiraceae; g__Blautia; s__Ruminococcus_sp.	0.8064231824401424
e45f1b39da9f4f2061f90800f5d1c3d1	d__Bacteria; p__Desulfobacterota; c__Desulfovibrionia; o__Desulfovibrionales; f__Desulfovibrionaceae; g__Bilophila; s__uncultured_bacterium	0.9052058528364688
e684d28a252246db086b3c62ffee88bc	d__Bacteria; p__Firmicutes; c__Clostridia; o__Christensenellales; f__Christensenellaceae; g__Christensenellaceae_R-7_group; s__uncultured_prokaryote	0.9293188080190901
e6c2c9f098498f01c71f0666642021ab	d__Bacteria; p__Bacteroidota; c__Bacteroidia; o__Bacteroidales; f__Tannerellaceae; g__Parabacteroides; s__Parabacteroides_distasonis	0.8076971604858418
e7cb25cb9e47fee8fe8d321a28f69788	d__Bacteria; p__Firmicutes; c__Clostridia; o__Clostridia_UCG-014; f__Clostridia_UCG-014; g__Clostridia_UCG-014; s__gut_metagenome	0.9375530622525179
e82b224b5372982f78684b712de7522a	d__Bacteria; p__Firmicutes; c__Bacilli; o__Erysipelotrichales; f__Erysipelotrichaceae; g__Holdemanella; s__uncultured_bacterium	0.8922724681892024
ec6dd2b89883192d556f7aa71fa44a21	d__Bacteria; p__Firmicutes; c__Clostridia; o__Lachnospirales; f__Lachnospiraceae; g__Lachnospira	0.9969096625281949
ed0f768bfe644821ddd8c793eb0abbf6	d__Bacteria; p__Firmicutes; c__Clostridia; o__Clostridiales; f__Clostridiaceae; g__Clostridium_sensu_stricto_1; s__uncultured_Firmicutes	0.7245529627468009
eeadcfdf43827cb3c8ce95a9a69f2742	d__Bacteria; p__Firmicutes; c__Clostridia; o__Oscillospirales; f__Oscillospiraceae; g__UCG-003; s__uncultured_bacterium	0.9172680894769754
f02cff5165f5924750337207f374e6b2	d__Bacteria; p__Firmicutes; c__Clostridia; o__Oscillospirales; f__[Eubacterium]_coprostanoligenes_group; g__[Eubacterium]_coprostanoligenes_group; s__gut_metagenome	0.9781411933270654
f2b9ba37007af9ca12d3a0ad62b32633	d__Bacteria; p__Firmicutes; c__Clostridia; o__Lachnospirales; f__Lachnospiraceae	0.9972046820854127
f32b206317b1a8390b087405544395bf	d__Bacteria; p__Firmicutes; c__Clostridia; o__Oscillospirales; f__Ruminococcaceae; g__Negativibacillus	0.9999948130864759
f4de8ef214d848d8cc131e85a262f170	d__Bacteria; p__Actinobacteriota; c__Actinobacteria; o__Bifidobacteriales; f__Bifidobacteriaceae; g__Bifidobacterium	0.999998168616733
f510341bce25d667e1e786ee8b3e108e	d__Bacteria; p__Firmicutes; c__Clostridia; o__Christensenellales; f__Christensenellaceae; g__Christensenellaceae_R-7_group; s__uncultured_marine	0.9995280904000887
f570a6d462344b8fe02a0c28f1bb58d9	d__Bacteria; p__Firmicutes; c__Clostridia; o__Lachnospirales; f__Lachnospiraceae; g__Lachnospiraceae_NK4A136_group	0.9705239218649666
f79112cb7f70b6d76292f869c5f4b2df	d__Bacteria; p__Firmicutes; c__Clostridia; o__Lachnospirales; f__Lachnospiraceae; g__Lachnoclostridium	0.9967022882808354
f81119aa1fde6770ba703660e0306120	d__Bacteria; p__Firmicutes; c__Clostridia; o__Lachnospirales; f__Lachnospiraceae; g__Lachnospiraceae_FCS020_group; s__uncultured_organism	0.9972600442566697
f83b0201c01b1d2270183fd47c172539	d__Bacteria; p__Bacteroidota; c__Bacteroidia; o__Bacteroidales; f__Bacteroidaceae; g__Bacteroides; s__Bacteroides_coprocola	0.7147421991976957
f83bfc0fed62a29f0c9e68c97300f699	d__Bacteria; p__Firmicutes; c__Clostridia; o__Oscillospirales; f__Oscillospiraceae; g__Oscillospira	0.9768409510086337
f90fe5d03a1c66fbae34d7261fb134d9	d__Bacteria; p__Firmicutes; c__Clostridia; o__Lachnospirales; f__Lachnospiraceae; g__Lachnoclostridium	0.9915157535134278
f941086d2feaec8b8cd4711b17afd8df	d__Bacteria; p__Firmicutes; c__Clostridia; o__Oscillospirales; f__Oscillospiraceae	0.9999994429259154
fc15394acf519be45b0642e88120065a	d__Bacteria; p__Firmicutes; c__Clostridia; o__Oscillospirales; f__Ruminococcaceae; g__Incertae_Sedis; s__uncultured_organism	0.7510424128075055
fc73fd669566fd7712b104cbaa3a2d36	d__Bacteria; p__Desulfobacterota; c__Desulfovibrionia; o__Desulfovibrionales; f__Desulfovibrionaceae; g__Desulfovibrio	0.9999935856625978
fcacab46d5639fb8f878b6c39286d4c8	d__Bacteria; p__Firmicutes; c__Clostridia; o__Lachnospirales; f__Lachnospiraceae; g__[Eubacterium]_eligens_group	0.9997980603979059
fd21a630e0b8f9d3a1d6f83302f0243a	d__Bacteria; p__Firmicutes; c__Clostridia; o__Oscillospirales; f__Ruminococcaceae; g__Negativibacillus; s__uncultured_bacterium	0.9722712591688472
fdea750a097dc791e2d435cfc3a86535	d__Bacteria; p__Firmicutes; c__Clostridia; o__Lachnospirales; f__Lachnospiraceae; g__Lachnospiraceae_NK4A136_group	0.9695977443074786
fe2afaff3e3897b050d36efc707f88a1	d__Bacteria; p__Firmicutes; c__Bacilli; o__Lactobacillales; f__Streptococcaceae; g__Streptococcus	0.9999995322054962
ff34f3e665cf5786d9920bf736956fb4	d__Bacteria; p__Bacteroidota; c__Bacteroidia; o__Bacteroidales; f__Tannerellaceae; g__Parabacteroides; s__Parabacteroides_distasonis	0.7756540159830776
ffc9dc2927b64c6c3311917339198dc6	d__Bacteria; p__Firmicutes; c__Bacilli; o__Erysipelotrichales; f__Erysipelotrichaceae; g__Faecalitalea; s__Absiella_argi	0.999993283599397
ffe86bc65a732757d38d49fbb50dd391	d__Bacteria; p__Firmicutes; c__Clostridia; o__Lachnospirales; f__Lachnospiraceae; g__Lachnospiraceae_UCG-004	0.9836206598650962
